Workbook

Sheet Hoja 1
A1: Nombre | B1: Paterno | C1: Materno | D1: Matrícula | E1: correo institucional | F1: idCarrera | G1: idTutor
A2: MARIA JOSE | B2: TORRES | C2: IGARTUA | D2: S19014012 | E2: zs19014012@estudiantes.uv.mx | F2: 3 | G2: 1
A3: JONATAN | B3: ALARCON | C3: ALARCON | D3: S20015700 | E3: zs20015700@estudiantes.uv.mx | F3: 3 | G3: 1
A4: MARIO ALBERTO | B4: JIMENEZ | C4: JIMENEZ | D4: S20015742 | E4: zs20015742@estudiantes.uv.mx | F4: 3 | G4: 1
A5: FRANZ JESUS | B5: RIVERA | C5: ALCANTARA | D5: S20015744 | E5: zs20015744@estudiantes.uv.mx | F5: 3 | G5: 1
A6: ARES JUDDA | B6: RIVERA | C6: SOTO | D6: S21013852 | E6: zs21013852@estudiantes.uv.mx | F6: 3 | G6: 1
A7: OMAR DYLAN | B7: SEGURA | C7: PLATAS | D7: S21013884 | E7: zs21013884@estudiantes.uv.mx | F7: 3 | G7: 1
A8: MARTIN EMMANUEL | B8: CRUZ | C8: CARMONA | D8: S21013898 | E8: zs21013898@estudiantes.uv.mx | F8: 3 | G8: 1
A9: FERDY ALEXIS | B9: REYES | C9: VIVEROS | D9: S21021432 | E9: zs21021432@estudiantes.uv.mx | F9: 3 | G9: 1
A10: ARMANDO OMAR | B10: OBANDO | C10: MUÑOZ | D10: S18012183 | E10: zs18012183@estudiantes.uv.mx | F10: 3 | G10: 1
A11: EVELYN | B11: GARCIA | C11: HIDALGO | D11: S19030167 | E11: zs19030167@estudiantes.uv.mx | F11: 1 | G11: 2
A12: PAOLA MONTSERRAT | B12: CRUZ | C12: DOLORES | D12: S20015063 | E12: zs20015063@estudiantes.uv.mx | F12: 1 | G12: 2
A13: LUIS ANTONIO | B13: DE DIOS | C13: HERNANDEZ | D13: S20015097 | E13: zs20015097@estudiantes.uv.mx | F13: 1 | G13: 2
... A199: BRYANT | B199: GONZALEZ | C199: DELGADO | D199: S19015963 | E199: zs19015963@estudiantes.uv.mx | F199: 7 | G199: 23
A200: GUSTAVO | B200: GONZALEZ | D200: S19016024 | E200: zs19016024@estudiantes.uv.mx | F200: 7 | G200: 23
A201: LUIS CARLOS | B201: LUNA | C201: DELGADO | D201: S20017782 | E201: zs20017782@estudiantes.uv.mx | F201: 7 | G201: 23
A202: DAVID | B202: JIMENEZ | C202: BAUTISTA | D202: S20017788 | E202: zs20017788@estudiantes.uv.mx | F202: 7 | G202: 23
A203: ERICK ADRIAN | B203: HERNANDEZ | C203: ABURTO | D203: S20018198 | E203: zs20018198@estudiantes.uv.mx | F203: 8 | G203: 23
A204: CHRISTIAN | B204: FILETE | C204: LOPEZ | D204: S20018199 | E204: zs20018199@estudiantes.uv.mx | F204: 8 | G204: 23
A205: MARIA TERESA | B205: JUAN | C205: REYES | D205: S21015946 | E205: zs21015946@estudiantes.uv.mx | F205: 7 | G205: 23
A206: EDUARDO | B206: MEJIA | C206: PERALTA | D206: S21026431 | E206: zs21026431@estudiantes.uv.mx | F206: 8 | G206: 23
A207: EDUARDO | B207: LOPEZ | C207: RAYON | D207: S22015707 | E207: zs22015707@estudiantes.uv.mx | F207: 7 | G207: 23
A208: MANUEL | B208: HERNANDEZ | C208: SALAZAR | D208: S22015708 | E208: zs22015708@estudiantes.uv.mx | F208: 7 | G208: 23
A209: ANGEL GABRIEL | B209: PIÑERO | C209: MONTERO | D209: S22015710 | E209: zs22015710@estudiantes.uv.mx | F209: 7 | G209: 23
A210: TURAN | B210: OZBEK | D210: S23013839 | E210: zs23013839@estudiantes.uv.mx | F210: 2 | G210: 23
A211: ABRAHAM | B211: NUÑEZ | C211: SANCHEZ | D211: S23013842 | E211: zs23013842@estudiantes.uv.mx | F211: 2 | G211: 23
A212: ANDER SAUL | B212: PEGUEROS | C212: IZQUIERDO | D212: S23013849 | E212: zs23013849@estudiantes.uv.mx | F212: 2 | G212: 23
A213: ALAN | B213: PENAGOS | C213: GONZALEZ | D213: S23013863 | E213: zs23013863@estudiantes.uv.mx | F213: 2 | G213: 23
A214: SEBASTIAN | B214: PEÑA | C214: ARCHUNDIA | D214: S23013881 | E214: zs23013881@estudiantes.uv.mx | F214: 2 | G214: 23
A215: HUMBERTO HIRAM | B215: GOMEZ | C215: MALDONADO | D215: S23014120 | E215: zs23014120@estudiantes.uv.mx | F215: 5 | G215: 23
A216: CHRISTIAN GAEL | B216: MURRIETA | C216: LUNA | D216: S23014138 | E216: zs23014138@estudiantes.uv.mx | F216: 5 | G216: 23
A217: ISAI AZAEL | B217: VASQUEZ | C217: GALVAN | D217: S23014158 | E217: zs23014158@estudiantes.uv.mx | F217: 5 | G217: 23
A218: ANDRIK DARIEL | B218: GUTIERREZ | C218: RODRIGUEZ | D218: S23014160 | E218: zs23014160@estudiantes.uv.mx | F218: 5 | G218: 23
A219: OMAR ZAHIR | B219: DIAZ | C219: MUÑOZ | D219: S23014170 | E219: zs23014170@estudiantes.uv.mx | F219: 5 | G219: 23
A220: ERICK JAIR | B220: MORALES | C220: ROMERO | D220: S24013056 | E220: zs24013056@estudiantes.uv.mx | F220: 2 | G220: 23
A221: KEVIN MARZUL | B221: JERONIMO | C221: ROJANO | D221: S24013057 | E221: zs24013057@estudiantes.uv.mx | F221: 2 | G221: 23
A222: JOSE ADRIEL | B222: RIVERA | C222: PLATAS | D222: S24013058 | E222: zs24013058@estudiantes.uv.mx | F222: 2 | G222: 23
... A1160: JAVIER ZAIR | B1160: GALAN | C1160: TRUJILLO | D1160: S24024453 | E1160: zs24024453@estudiantes.uv.mx | F1160: 6 | G1160: 189

Sheet Sheet1
A1: Matricula | B1: idTutor | C1: Faltante | D1: Column1
A2: S24013030 | B2: 4 | C2: =IF(COUNTIF('Hoja 1'!D:D, A2)=0, "Faltante", "") -> Faltante
A3: S24013093 | B3: 56 | C3: =IF(COUNTIF('Hoja 1'!D:D, A3)=0, "Faltante", "") -> Faltante
A4: S24013463 | B4: 70 | C4: =IF(COUNTIF('Hoja 1'!D:D, A4)=0, "Faltante", "") -> Faltante
A5: S24019750 | B5: 171 | C5: =IF(COUNTIF('Hoja 1'!D:D, A5)=0, "Faltante", "") -> Faltante
A6: S18012183 | B6: 1 | C6: =IF(COUNTIF('Hoja 1'!D:D, A6)=0, "Faltante", "")
A7: S18019632 | B7: 15 | C7: =IF(COUNTIF('Hoja 1'!D:D, A7)=0, "Faltante", "")
A8: S19014005 | B8: 127 | C8: =IF(COUNTIF('Hoja 1'!D:D, A8)=0, "Faltante", "")
A9: S19024994 | B9: 78 | C9: =IF(COUNTIF('Hoja 1'!D:D, A9)=0, "Faltante", "")
A10: S19024997 | B10: 20 | C10: =IF(COUNTIF('Hoja 1'!D:D, A10)=0, "Faltante", "")
A11: S21015977 | B11: 42 | C11: =IF(COUNTIF('Hoja 1'!D:D, A11)=0, "Faltante", "")
A12: S21016363 | B12: 47 | C12: =IF(COUNTIF('Hoja 1'!D:D, A12)=0, "Faltante", "")
A13: S21016378 | B13: 28 | C13: =IF(COUNTIF('Hoja 1'!D:D, A13)=0, "Faltante", "")
... A1165: S24024473 | B1165: 103 | C1165: =IF(COUNTIF('Hoja 1'!D:D, A1165)=0, "Faltante", "")
D1166: =COUNTIF(C:C, "Faltante") -> 5
